ファイル名,テーマ,説明
記憶_001.txt,四季,日本語テキスト（UTF-8）
記録_002.txt,和食,日本語テキスト（UTF-8）
旅路_003.txt,茶道,日本語テキスト（UTF-8）
散文_004.txt,書道,日本語テキスト（UTF-8）
調べ_005.txt,祭り,日本語テキスト（UTF-8）
雪明かり_006.txt,城,日本語テキスト（UTF-8）
彩り_007.txt,庭園,日本語テキスト（UTF-8）
軌跡_008.txt,温泉,日本語テキスト（UTF-8）
記憶_009.txt,文学,日本語テキスト（UTF-8）
潮騒_010.txt,工芸,日本語テキスト（UTF-8）
便り_011.txt,交通,日本語テキスト（UTF-8）
季節_012.txt,自然,日本語テキスト（UTF-8）
季節_013.txt,都市,日本語テキスト（UTF-8）
雪明かり_014.txt,食文化,日本語テキスト（UTF-8）
春霞_015.txt,礼儀,日本語テキスト（UTF-8）
夕映え_016.txt,教育,日本語テキスト（UTF-8）
手紙_017.txt,芸術,日本語テキスト（UTF-8）
花便り_018.txt,言葉,日本語テキスト（UTF-8）
散文_019.txt,気候,日本語テキスト（UTF-8）
旅路_020.txt,スポーツ,日本語テキスト（UTF-8）
夕映え_021.txt,四季,日本語テキスト（UTF-8）
朝霧_022.txt,和食,日本語テキスト（UTF-8）
時雨_023.txt,茶道,日本語テキスト（UTF-8）
風景_024.txt,書道,日本語テキスト（UTF-8）
山並み_025.txt,祭り,日本語テキスト（UTF-8）
春霞_026.txt,城,日本語テキスト（UTF-8）
川音_027.txt,庭園,日本語テキスト（UTF-8）
詩集_028.txt,温泉,日本語テキスト（UTF-8）
便箋_029.txt,文学,日本語テキスト（UTF-8）
風景_030.txt,工芸,日本語テキスト（UTF-8）
便箋_031.txt,交通,日本語テキスト（UTF-8）
星影_032.txt,自然,日本語テキスト（UTF-8）
視点_033.txt,都市,日本語テキスト（UTF-8）
川音_034.txt,食文化,日本語テキスト（UTF-8）
葉音_035.txt,礼儀,日本語テキスト（UTF-8）
星影_036.txt,教育,日本語テキスト（UTF-8）
記録_037.txt,芸術,日本語テキスト（UTF-8）
旅路_038.txt,言葉,日本語テキスト（UTF-8）
便り_039.txt,気候,日本語テキスト（UTF-8）
雪明かり_040.txt,スポーツ,日本語テキスト（UTF-8）
夕映え_041.txt,四季,日本語テキスト（UTF-8）
海路_042.txt,和食,日本語テキスト（UTF-8）
物語_043.txt,茶道,日本語テキスト（UTF-8）
記憶_044.txt,書道,日本語テキスト（UTF-8）
手紙_045.txt,祭り,日本語テキスト（UTF-8）
春霞_046.txt,城,日本語テキスト（UTF-8）
冬景色_047.txt,庭園,日本語テキスト（UTF-8）
季節_048.txt,温泉,日本語テキスト（UTF-8）
雪明かり_049.txt,文学,日本語テキスト（UTF-8）
朝霧_050.txt,工芸,日本語テキスト（UTF-8）
海路_051.txt,交通,日本語テキスト（UTF-8）
便箋_052.txt,自然,日本語テキスト（UTF-8）
光景_053.txt,都市,日本語テキスト（UTF-8）
空想_054.txt,食文化,日本語テキスト（UTF-8）
花便り_055.txt,礼儀,日本語テキスト（UTF-8）
秋風_056.txt,教育,日本語テキスト（UTF-8）
記録_057.txt,芸術,日本語テキスト（UTF-8）
川音_058.txt,言葉,日本語テキスト（UTF-8）
海路_059.txt,気候,日本語テキスト（UTF-8）
調べ_060.txt,スポーツ,日本語テキスト（UTF-8）
地図_061.txt,四季,日本語テキスト（UTF-8）
木漏れ日_062.txt,和食,日本語テキスト（UTF-8）
光景_063.txt,茶道,日本語テキスト（UTF-8）
風景_064.txt,書道,日本語テキスト（UTF-8）
葉音_065.txt,祭り,日本語テキスト（UTF-8）
葉音_066.txt,城,日本語テキスト（UTF-8）
風景_067.txt,庭園,日本語テキスト（UTF-8）
風景_068.txt,温泉,日本語テキスト（UTF-8）
風景_069.txt,文学,日本語テキスト（UTF-8）
記憶_070.txt,工芸,日本語テキスト（UTF-8）
山並み_071.txt,交通,日本語テキスト（UTF-8）
花便り_072.txt,自然,日本語テキスト（UTF-8）
夏空_073.txt,都市,日本語テキスト（UTF-8）
季節_074.txt,食文化,日本語テキスト（UTF-8）
時雨_075.txt,礼儀,日本語テキスト（UTF-8）
春霞_076.txt,教育,日本語テキスト（UTF-8）
詩集_077.txt,芸術,日本語テキスト（UTF-8）
季節_078.txt,言葉,日本語テキスト（UTF-8）
彩り_079.txt,気候,日本語テキスト（UTF-8）
記録_080.txt,スポーツ,日本語テキスト（UTF-8）
記憶_081.txt,四季,日本語テキスト（UTF-8）
風景_082.txt,和食,日本語テキスト（UTF-8）
季節_083.txt,茶道,日本語テキスト（UTF-8）
物語_084.txt,書道,日本語テキスト（UTF-8）
伝統_085.txt,祭り,日本語テキスト（UTF-8）
夏空_086.txt,城,日本語テキスト（UTF-8）
詩集_087.txt,庭園,日本語テキスト（UTF-8）
物語_088.txt,温泉,日本語テキスト（UTF-8）
春霞_089.txt,文学,日本語テキスト（UTF-8）
川音_090.txt,工芸,日本語テキスト（UTF-8）
彩り_091.txt,交通,日本語テキスト（UTF-8）
詩集_092.txt,自然,日本語テキスト（UTF-8）
詩集_093.txt,都市,日本語テキスト（UTF-8）
詩集_094.txt,食文化,日本語テキスト（UTF-8）
冬景色_095.txt,礼儀,日本語テキスト（UTF-8）
詩集_096.txt,教育,日本語テキスト（UTF-8）
文化_097.txt,芸術,日本語テキスト（UTF-8）
風景_098.txt,言葉,日本語テキスト（UTF-8）
光景_099.txt,気候,日本語テキスト（UTF-8）
葉音_100.txt,スポーツ,日本語テキスト（UTF-8）
